"set85id","trueRatio"
1,0.177827941003892
2,0.56234132519035
3,0.681292069057963
4,0.464158883361278
5,0.383118684955729
6,0.261015721568254
9,0.825404185268019
